{"train/loss": 1.0952, "train/learning_rate": 5e-05, "train/epoch": 0.0, "train/global_step": 10, "_timestamp": 1670520333.1818192, "_runtime": 56.56642818450928, "_step": 5, "_wandb": {"runtime": 60}}