{"train/loss": 1.4949, "train/learning_rate": 0.0, "train/epoch": 0.0, "train/global_step": 1, "_timestamp": 1670562596.8070366, "_runtime": 9.666248559951782, "_step": 1}